duration_sec,total_requests,successful,errors,error_rate_pct,rps,avg_latency_ms,median_latency_ms,min_latency_ms,max_latency_ms,p95_latency_ms,p99_latency_ms
60,3000,3000,0,0.0,50.0,71.46057335400594,46.43386100042335,8.322151999891503,473.9052420000007,397.47931729984884,438.8775834099397
