{"meta": {"format": 3, "version": "7.11.0", "timestamp": "2025-10-22T07:03:23.463180", "branch_coverage": false, "show_contexts": false}, "files": {"app.py": {"executed_lines": [1, 2, 3, 4, 5, 6, 7, 8, 10, 11, 12, 13, 14, 15, 16, 23, 26, 28, 29, 31, 33, 41, 42, 44, 45, 46, 47, 49, 50, 51, 54, 55, 56, 58, 59, 61, 64, 67, 70, 73, 74, 78, 79, 80, 83, 84, 85, 86, 89, 90, 91, 92, 93, 94, 97, 98, 99, 100, 101, 102, 103, 107, 110, 114, 117, 136, 153, 155, 158, 159, 160, 161, 164, 165, 166, 167, 168, 171, 173, 221, 222, 224, 227, 231, 232, 234, 244, 245, 246, 247, 248, 249, 252, 253, 254, 255, 257, 263, 269, 280, 286, 290, 291, 298, 299, 300, 305, 306, 309, 314, 315, 316, 324, 328, 329, 341, 342, 348, 351, 352, 353, 354, 355, 356, 357, 358, 359, 362, 363, 364, 365, 366, 367, 368, 369, 370, 371, 374, 375, 376, 377, 378, 379, 380, 381, 382, 385, 386, 387, 388, 389, 390, 391, 397, 398, 399, 400, 403, 434, 435, 441, 444, 445, 452, 455, 463, 465, 467, 468, 552, 553, 558, 559, 560, 561, 562, 563, 566, 567, 568, 569, 577, 580, 584, 587, 588, 589, 592, 593, 594, 597, 598, 599, 600, 601, 602, 603, 605, 606, 607, 608, 609, 611, 612, 613, 615, 619, 628, 629, 630, 633, 636, 646, 649, 662, 663, 666, 675, 676, 690, 691, 697, 698, 704, 705, 723, 724, 733], "summary": {"covered_lines": 228, "num_statements": 342, "percent_covered": 66.66666666666667, "percent_covered_display": "67", "missing_lines": 114, "excluded_lines": 0}, "missing_lines": [122, 123, 124, 125, 126, 128, 129, 130, 131, 132, 133, 137, 140, 141, 142, 143, 144, 145, 146, 147, 148, 149, 150, 256, 273, 274, 275, 276, 277, 317, 318, 319, 320, 321, 323, 331, 332, 333, 334, 335, 337, 392, 393, 394, 401, 456, 458, 461, 470, 473, 474, 476, 478, 479, 481, 482, 484, 485, 487, 488, 491, 492, 495, 496, 499, 500, 501, 502, 511, 513, 514, 518, 519, 520, 521, 522, 524, 527, 528, 529, 530, 531, 532, 533, 536, 537, 538, 539, 540, 549, 581, 664, 679, 680, 681, 683, 684, 685, 686, 687, 693, 694, 700, 701, 707, 708, 718, 720, 726, 727, 728, 730, 734, 736], "excluded_lines": [], "functions": {"_approx_tokens": {"executed_lines": [110], "summary": {"covered_lines": 1, "num_statements": 1, "percent_covered": 100.0, "percent_covered_display": "100", "missing_lines": 0, "excluded_lines": 0}, "missing_lines": [], "excluded_lines": []}, "_split_sentences_ko": {"executed_lines": [], "summary": {"covered_lines": 0, "num_statements": 11, "percent_covered": 0.0, "percent_covered_display": "0", "missing_lines": 11, "excluded_lines": 0}, "missing_lines": [122, 123, 124, 125, 126, 128, 129, 130, 131, 132, 133], "excluded_lines": []}, "_sliding_chunks": {"executed_lines": [], "summary": {"covered_lines": 0, "num_statements": 12, "percent_covered": 0.0, "percent_covered_display": "0", "missing_lines": 12, "excluded_lines": 0}, "missing_lines": [137, 140, 141, 142, 143, 144, 145, 146, 147, 148, 149, 150], "excluded_lines": []}, "_probe_embedding_dim": {"executed_lines": [155, 158, 159, 160, 161], "summary": {"covered_lines": 5, "num_statements": 5, "percent_covered": 100.0, "percent_covered_display": "100", "missing_lines": 0, "excluded_lines": 0}, "missing_lines": [], "excluded_lines": []}, "_embed_texts": {"executed_lines": [165, 166, 167, 168], "summary": {"covered_lines": 4, "num_statements": 4, "percent_covered": 100.0, "percent_covered_display": "100", "missing_lines": 0, "excluded_lines": 0}, "missing_lines": [], "excluded_lines": []}, "_detect_model_for_query": {"executed_lines": [173, 221, 222, 224], "summary": {"covered_lines": 4, "num_statements": 4, "percent_covered": 100.0, "percent_covered_display": "100", "missing_lines": 0, "excluded_lines": 0}, "missing_lines": [], "excluded_lines": []}, "_llm_answer": {"executed_lines": [231, 232, 234, 244, 245, 246, 247, 248, 249], "summary": {"covered_lines": 9, "num_statements": 9, "percent_covered": 100.0, "percent_covered_display": "100", "missing_lines": 0, "excluded_lines": 0}, "missing_lines": [], "excluded_lines": []}, "_ensure_collection": {"executed_lines": [253, 254, 255, 257], "summary": {"covered_lines": 4, "num_statements": 5, "percent_covered": 80.0, "percent_covered_display": "80", "missing_lines": 1, "excluded_lines": 0}, "missing_lines": [256], "excluded_lines": []}, "_upsert_points": {"executed_lines": [], "summary": {"covered_lines": 0, "num_statements": 5, "percent_covered": 0.0, "percent_covered_display": "0", "missing_lines": 5, "excluded_lines": 0}, "missing_lines": [273, 274, 275, 276, 277], "excluded_lines": []}, "_search": {"executed_lines": [290, 291, 298, 299, 300, 305, 306], "summary": {"covered_lines": 7, "num_statements": 7, "percent_covered": 100.0, "percent_covered_display": "100", "missing_lines": 0, "excluded_lines": 0}, "missing_lines": [], "excluded_lines": []}, "_read_documents": {"executed_lines": [314, 315, 316, 324], "summary": {"covered_lines": 4, "num_statements": 10, "percent_covered": 40.0, "percent_covered_display": "40", "missing_lines": 6, "excluded_lines": 0}, "missing_lines": [317, 318, 319, 320, 321, 323], "excluded_lines": []}, "on_startup": {"executed_lines": [], "summary": {"covered_lines": 0, "num_statements": 6, "percent_covered": 0.0, "percent_covered_display": "0", "missing_lines": 6, "excluded_lines": 0}, "missing_lines": [331, 332, 333, 334, 335, 337], "excluded_lines": []}, "health": {"executed_lines": [348, 351, 352, 353, 354, 355, 356, 357, 358, 359, 362, 363, 364, 365, 366, 367, 368, 369, 370, 371, 374, 375, 376, 377, 378, 379, 380, 381, 382, 385, 386, 387, 388, 389, 390, 391, 397, 398, 399, 400, 403, 434, 435, 441], "summary": {"covered_lines": 44, "num_statements": 48, "percent_covered": 91.66666666666667, "percent_covered_display": "92", "missing_lines": 4, "excluded_lines": 0}, "missing_lines": [392, 393, 394, 401], "excluded_lines": []}, "index": {"executed_lines": [452, 455, 463, 465, 467, 468], "summary": {"covered_lines": 6, "num_statements": 51, "percent_covered": 11.764705882352942, "percent_covered_display": "12", "missing_lines": 45, "excluded_lines": 0}, "missing_lines": [456, 458, 461, 470, 473, 474, 476, 478, 479, 481, 482, 484, 485, 487, 488, 491, 492, 495, 496, 499, 500, 501, 502, 511, 513, 514, 518, 519, 520, 521, 522, 524, 527, 528, 529, 530, 531, 532, 533, 536, 537, 538, 539, 540, 549], "excluded_lines": []}, "query": {"executed_lines": [558, 559, 560, 561, 562, 563, 566, 567, 568, 569, 577, 580, 584, 587, 588, 589, 592, 593, 594, 597, 598, 599, 600, 601, 602, 603, 605, 606, 607, 608, 609, 611, 612, 613, 615, 619, 628, 629, 630, 633, 636, 646, 649, 662, 663, 666], "summary": {"covered_lines": 46, "num_statements": 48, "percent_covered": 95.83333333333333, "percent_covered_display": "96", "missing_lines": 2, "excluded_lines": 0}, "missing_lines": [581, 664], "excluded_lines": []}, "prewarm": {"executed_lines": [], "summary": {"covered_lines": 0, "num_statements": 8, "percent_covered": 0.0, "percent_covered_display": "0", "missing_lines": 8, "excluded_lines": 0}, "missing_lines": [679, 680, 681, 683, 684, 685, 686, 687], "excluded_lines": []}, "get_analytics": {"executed_lines": [], "summary": {"covered_lines": 0, "num_statements": 2, "percent_covered": 0.0, "percent_covered_display": "0", "missing_lines": 2, "excluded_lines": 0}, "missing_lines": [693, 694], "excluded_lines": []}, "optimize_database": {"executed_lines": [], "summary": {"covered_lines": 0, "num_statements": 2, "percent_covered": 0.0, "percent_covered_display": "0", "missing_lines": 2, "excluded_lines": 0}, "missing_lines": [700, 701], "excluded_lines": []}, "cache_stats": {"executed_lines": [], "summary": {"covered_lines": 0, "num_statements": 4, "percent_covered": 0.0, "percent_covered_display": "0", "missing_lines": 4, "excluded_lines": 0}, "missing_lines": [707, 708, 718, 720], "excluded_lines": []}, "clear_cache": {"executed_lines": [], "summary": {"covered_lines": 0, "num_statements": 4, "percent_covered": 0.0, "percent_covered_display": "0", "missing_lines": 4, "excluded_lines": 0}, "missing_lines": [726, 727, 728, 730],